best_params,best_score,categorical_features,clf_params,dataset,label,model,numeric_features,score,seed,training_score
"{'classifier__C': 0.1, 'classifier__kernel': 'poly'}",0.6851851851851852,"['school', 'sex', 'address', 'famsize', 'Pstatus', 'Medu', 'Fedu', 'Mjob', 'Fjob', 'reason', 'guardian', 'traveltime', 'studytime', 'failures', 'schoolsup', 'famsup', 'paid', 'activities', 'nursery', 'higher', 'internet', 'romantic', 'famrel', 'freetime', 'goout', 'health']","{'classifier__C': [0.1, 0.2, 0.30000000000000004, 0.4, 0.5, 0.6, 0.7000000000000001, 0.8, 0.9], 'classifier__kernel': ['linear', 'poly', 'rbf', 'sigmoid']}",student-alcohol-consumption/student-por.csv,Dalc,SVC,"['age', 'absences', 'G1', 'G2', 'G3']",0.7239263803680982,19218975,
"{'classifier__C': 0.1, 'classifier__kernel': 'poly'}",0.37448559670781895,"['school', 'sex', 'address', 'famsize', 'Pstatus', 'Medu', 'Fedu', 'Mjob', 'Fjob', 'reason', 'guardian', 'traveltime', 'studytime', 'failures', 'schoolsup', 'famsup', 'paid', 'activities', 'nursery', 'higher', 'internet', 'romantic', 'famrel', 'freetime', 'goout', 'health']","{'classifier__C': [0.1, 0.2, 0.30000000000000004, 0.4, 0.5, 0.6, 0.7000000000000001, 0.8, 0.9], 'classifier__kernel': ['linear', 'poly', 'rbf', 'sigmoid']}",student-alcohol-consumption/student-por.csv,Walc,SVC,"['age', 'absences', 'G1', 'G2', 'G3']",0.3987730061349693,690589352,
"{'classifier__C': 0.2, 'classifier__kernel': 'linear'}",0.37037037037037035,"['sex', 'address', 'famsize', 'Pstatus', 'Medu', 'Fedu', 'Mjob', 'Fjob', 'guardian', 'traveltime', 'studytime', 'failures', 'schoolsup', 'famsup', 'paid', 'activities', 'nursery', 'higher', 'internet', 'romantic', 'famrel', 'freetime', 'goout', 'health']","{'classifier__C': [0.1, 0.2, 0.30000000000000004, 0.4, 0.5, 0.6, 0.7000000000000001, 0.8, 0.9], 'classifier__kernel': ['linear', 'poly', 'rbf', 'sigmoid']}",student-alcohol-consumption/student-por.csv,Walc,SVC,"['age', 'absences', 'G3']",0.39263803680981596,833336295,
"{'classifier__C': 0.1, 'classifier__kernel': 'poly'}",0.7078189300411523,"['sex', 'address', 'famsize', 'Pstatus', 'Medu', 'Fedu', 'Mjob', 'Fjob', 'guardian', 'traveltime', 'studytime', 'failures', 'schoolsup', 'famsup', 'paid', 'activities', 'nursery', 'higher', 'internet', 'romantic', 'famrel', 'freetime', 'goout', 'health']","{'classifier__C': [0.1, 0.2, 0.30000000000000004, 0.4, 0.5, 0.6, 0.7000000000000001, 0.8, 0.9], 'classifier__kernel': ['linear', 'poly', 'rbf', 'sigmoid']}",student-alcohol-consumption/student-por.csv,Dalc,SVC,"['age', 'absences', 'G3']",0.656441717791411,342862569,
"{'classifier__C': 0.2, 'classifier__kernel': 'linear'}",0.691358024691358,"['sex', 'address', 'famsize', 'Pstatus', 'Medu', 'Fedu', 'Mjob', 'Fjob', 'guardian', 'traveltime', 'studytime', 'failures', 'schoolsup', 'famsup', 'paid', 'activities', 'nursery', 'higher', 'internet', 'romantic', 'famrel', 'freetime', 'goout', 'health']","{'classifier__C': [0.1, 0.2, 0.30000000000000004, 0.4, 0.5, 0.6, 0.7000000000000001, 0.8, 0.9], 'classifier__kernel': ['linear', 'poly', 'rbf', 'sigmoid']}",student-alcohol-consumption/student-por.csv,Dalc,SVC,"['age', 'absences', 'G1', 'G2', 'G3']",0.7116564417177914,519077144,
"{'classifier__C': 0.1, 'classifier__kernel': 'linear'}",0.7016460905349794,[],"{'classifier__C': [0.1, 0.2, 0.30000000000000004, 0.4, 0.5, 0.6, 0.7000000000000001, 0.8, 0.9], 'classifier__kernel': ['linear', 'poly', 'rbf', 'sigmoid']}",student-alcohol-consumption/student-por.csv,Dalc,SVC,"['G1', 'G2', 'G3']",0.6748466257668712,342582396,
"{'classifier__C': 0.9, 'classifier__kernel': 'linear'}",0.7584459459459459,"['sex', 'address', 'famsize', 'Pstatus', 'Medu', 'Fedu', 'Mjob', 'Fjob', 'guardian', 'traveltime', 'studytime', 'failures', 'schoolsup', 'famsup', 'paid', 'activities', 'nursery', 'higher', 'internet', 'romantic', 'famrel', 'freetime', 'goout', 'health']","{'classifier__C': [0.1, 0.2, 0.30000000000000004, 0.4, 0.5, 0.6, 0.7000000000000001, 0.8, 0.9], 'classifier__kernel': ['linear', 'poly', 'rbf', 'sigmoid']}",student-alcohol-consumption/students.csv,Dalc,SVC,"['age', 'absences', 'G1', 'G2', 'G3']",0.7474747474747475,797864515,
"{'classifier__C': 0.5, 'classifier__kernel': 'linear'}",0.731418918918919,"['sex', 'address', 'famsize', 'Pstatus', 'Medu', 'Fedu', 'Mjob', 'Fjob', 'guardian', 'traveltime', 'studytime', 'failures', 'schoolsup', 'famsup', 'paid', 'activities', 'nursery', 'higher', 'internet', 'romantic', 'famrel', 'freetime', 'goout', 'health']","{'classifier__C': [0.1, 0.2, 0.30000000000000004, 0.4, 0.5, 0.6, 0.7000000000000001, 0.8, 0.9], 'classifier__kernel': ['linear', 'poly', 'rbf', 'sigmoid']}",student-alcohol-consumption/students.csv,Dalc,SVC,"['age', 'absences', 'G1', 'G2', 'G3']",0.696969696969697,558538178,
"{'classifier__C': 0.8, 'classifier__kernel': 'linear'}",0.5422297297297297,"['sex', 'address', 'famsize', 'Pstatus', 'Medu', 'Fedu', 'Mjob', 'Fjob', 'guardian', 'traveltime', 'studytime', 'failures', 'schoolsup', 'famsup', 'paid', 'activities', 'nursery', 'higher', 'internet', 'romantic', 'famrel', 'freetime', 'goout', 'health']","{'classifier__C': [0.1, 0.2, 0.30000000000000004, 0.4, 0.5, 0.6, 0.7000000000000001, 0.8, 0.9], 'classifier__kernel': ['linear', 'poly', 'rbf', 'sigmoid']}",student-alcohol-consumption/students.csv,Walc,SVC,"['age', 'absences', 'G1', 'G2', 'G3']",0.5454545454545454,59749452,
,,"['sex', 'address', 'famsize', 'Pstatus', 'Medu', 'Fedu', 'Mjob', 'Fjob', 'guardian', 'traveltime', 'studytime', 'failures', 'schoolsup', 'famsup', 'paid', 'activities', 'nursery', 'higher', 'internet', 'romantic', 'famrel', 'freetime', 'goout', 'health']","{'classifier__C': [0.1, 0.2, 0.30000000000000004, 0.4, 0.5, 0.6, 0.7000000000000001, 0.8, 0.9], 'classifier__kernel': ['linear', 'poly', 'rbf', 'sigmoid']}",student-alcohol-consumption/students.csv,Walc,SVC,"['age', 'absences', 'G1', 'G2', 'G3']",,832512654,
,,"['sex', 'address', 'famsize', 'Pstatus', 'Medu', 'Fedu', 'Mjob', 'Fjob', 'guardian', 'traveltime', 'studytime', 'failures', 'schoolsup', 'famsup', 'paid', 'activities', 'nursery', 'higher', 'internet', 'romantic', 'famrel', 'freetime', 'goout', 'health']","{'classifier__C': [0.1, 0.2, 0.30000000000000004, 0.4, 0.5, 0.6, 0.7000000000000001, 0.8, 0.9], 'classifier__kernel': ['linear', 'poly', 'rbf', 'sigmoid']}",student-alcohol-consumption/students.csv,Walc,SVC,"['age', 'absences', 'G1', 'G2', 'G3']",,359502942,
,,"['sex', 'address', 'famsize', 'Pstatus', 'Medu', 'Fedu', 'Mjob', 'Fjob', 'guardian', 'traveltime', 'studytime', 'failures', 'schoolsup', 'famsup', 'paid', 'activities', 'nursery', 'higher', 'internet', 'romantic', 'famrel', 'freetime', 'goout', 'health']","{'classifier__C': [0.1, 0.2, 0.30000000000000004, 0.4, 0.5, 0.6, 0.7000000000000001, 0.8, 0.9], 'classifier__kernel': ['linear', 'poly', 'rbf', 'sigmoid']}",student-alcohol-consumption/students.csv,Walc,SVC,"['age', 'absences', 'G1', 'G2', 'G3']",,5955718,
,,"['sex', 'address', 'famsize', 'Pstatus', 'Medu', 'Fedu', 'Mjob', 'Fjob', 'guardian', 'traveltime', 'studytime', 'failures', 'schoolsup', 'famsup', 'paid', 'activities', 'nursery', 'higher', 'internet', 'romantic', 'famrel', 'freetime', 'goout', 'health']","{'classifier__C': [0.1, 0.2, 0.30000000000000004, 0.4, 0.5, 0.6, 0.7000000000000001, 0.8, 0.9], 'classifier__kernel': ['linear', 'poly', 'rbf', 'sigmoid']}",student-alcohol-consumption/students.csv,Walc,SVC,"['age', 'absences', 'G1', 'G2', 'G3']",,700843516,
,,"['sex', 'address', 'famsize', 'Pstatus', 'Medu', 'Fedu', 'Mjob', 'Fjob', 'guardian', 'traveltime', 'studytime', 'failures', 'schoolsup', 'famsup', 'paid', 'activities', 'nursery', 'higher', 'internet', 'romantic', 'famrel', 'freetime', 'goout', 'health']","{'classifier__C': [0.1, 0.2, 0.30000000000000004, 0.4, 0.5, 0.6, 0.7000000000000001, 0.8, 0.9], 'classifier__kernel': ['linear', 'poly', 'rbf', 'sigmoid']}",student-alcohol-consumption/students.csv,Walc,SVC,"['age', 'absences', 'G1', 'G2', 'G3']",,776281764,
,,"['sex', 'address', 'famsize', 'Pstatus', 'Medu', 'Fedu', 'Mjob', 'Fjob', 'guardian', 'traveltime', 'studytime', 'failures', 'schoolsup', 'famsup', 'paid', 'activities', 'nursery', 'higher', 'internet', 'romantic', 'famrel', 'freetime', 'goout', 'health']","{'classifier__C': [0.1, 0.2, 0.30000000000000004, 0.4, 0.5, 0.6, 0.7000000000000001, 0.8, 0.9], 'classifier__kernel': ['linear', 'poly', 'rbf', 'sigmoid']}",student-alcohol-consumption/students.csv,Dalc,SVC,"['age', 'absences', 'G1', 'G2', 'G3']",,665219029,
"{'classifier__C': 0.9, 'classifier__kernel': 'linear'}",0.7364864864864865,"['sex', 'address', 'famsize', 'Pstatus', 'Medu', 'Fedu', 'Mjob', 'Fjob', 'guardian', 'traveltime', 'studytime', 'failures', 'schoolsup', 'famsup', 'paid', 'activities', 'nursery', 'higher', 'internet', 'romantic', 'famrel', 'freetime', 'goout', 'health']","{'classifier__C': [0.1, 0.2, 0.30000000000000004, 0.4, 0.5, 0.6, 0.7000000000000001, 0.8, 0.9], 'classifier__kernel': ['linear', 'poly', 'rbf', 'sigmoid']}",student-alcohol-consumption/students.csv,Dalc,SVC,"['age', 'absences', 'G1', 'G2', 'G3']",0.7272727272727273,301425857,
"{'classifier__C': 0.8, 'classifier__kernel': 'linear'}",0.7398648648648649,"['sex', 'address', 'famsize', 'Pstatus', 'Medu', 'Fedu', 'Mjob', 'Fjob', 'guardian', 'traveltime', 'studytime', 'failures', 'schoolsup', 'famsup', 'paid', 'activities', 'nursery', 'higher', 'internet', 'romantic', 'famrel', 'freetime', 'goout', 'health']","{'classifier__C': [0.1, 0.2, 0.30000000000000004, 0.4, 0.5, 0.6, 0.7000000000000001, 0.8, 0.9], 'classifier__kernel': ['linear', 'poly', 'rbf', 'sigmoid']}",student-alcohol-consumption/students.csv,Dalc,SVC,"['age', 'absences', 'G1', 'G2', 'G3']",0.702020202020202,854474689,
,,"['sex', 'address', 'famsize', 'Pstatus', 'Medu', 'Fedu', 'Mjob', 'Fjob', 'guardian', 'traveltime', 'studytime', 'failures', 'schoolsup', 'famsup', 'paid', 'activities', 'nursery', 'higher', 'internet', 'romantic', 'famrel', 'freetime', 'goout', 'health']","{'classifier__C': [0.1, 0.2, 0.30000000000000004, 0.4, 0.5, 0.6, 0.7000000000000001, 0.8, 0.9], 'classifier__kernel': ['linear', 'poly', 'rbf', 'sigmoid']}",../student-alcohol-consumption/students.csv,Dalc,SVC,"['age', 'absences', 'G1', 'G2', 'G3']",,390561031,
"{'classifier__C': 0.9, 'classifier__kernel': 'linear'}",,"['sex', 'address', 'famsize', 'Pstatus', 'Medu', 'Fedu', 'Mjob', 'Fjob', 'guardian', 'traveltime', 'studytime', 'failures', 'schoolsup', 'famsup', 'paid', 'activities', 'nursery', 'higher', 'internet', 'romantic', 'famrel', 'freetime', 'goout', 'health']","{'classifier__C': [0.1, 0.2, 0.30000000000000004, 0.4, 0.5, 0.6, 0.7000000000000001, 0.8, 0.9], 'classifier__kernel': ['linear', 'poly', 'rbf', 'sigmoid']}",../student-alcohol-consumption/students.csv,Dalc,SVC,"['age', 'absences', 'G1', 'G2', 'G3']",0.8080808080808081,19500987,0.7212837837837838
"{'classifier__leaf_size': 20, 'classifier__n_jobs': -1, 'classifier__n_neighbors': 15, 'classifier__p': 3}",0.7078189300411523,"['school', 'sex', 'address', 'famsize', 'Pstatus', 'Medu', 'Fedu', 'Mjob', 'Fjob', 'reason', 'guardian', 'traveltime', 'studytime', 'failures', 'schoolsup', 'famsup', 'paid', 'activities', 'nursery', 'higher', 'internet', 'romantic', 'famrel', 'freetime', 'goout', 'health']","{'classifier__leaf_size': [20, 25, 30, 35, 40, 45, 50, 55, 60, 65, 70, 75, 80, 85, 90, 95], 'classifier__n_jobs': [-1], 'classifier__n_neighbors': [5, 6, 7, 8, 9, 10, 11, 12, 13, 14, 15, 16, 17, 18, 19], 'classifier__p': [1, 2, 3]}",student-alcohol-consumption/student-por.csv,Dalc,knn,"['age', 'absences', 'G1', 'G2', 'G3']",0.6748466257668712,280079165,
"{'classifier__leaf_size': 20, 'classifier__n_jobs': -1, 'classifier__n_neighbors': 19, 'classifier__p': 2}",0.37448559670781895,"['school', 'sex', 'address', 'famsize', 'Pstatus', 'Medu', 'Fedu', 'Mjob', 'Fjob', 'reason', 'guardian', 'traveltime', 'studytime', 'failures', 'schoolsup', 'famsup', 'paid', 'activities', 'nursery', 'higher', 'internet', 'romantic', 'famrel', 'freetime', 'goout', 'health']","{'classifier__leaf_size': [20, 25, 30, 35, 40, 45, 50, 55, 60, 65, 70, 75, 80, 85, 90, 95], 'classifier__n_jobs': [-1], 'classifier__n_neighbors': [5, 6, 7, 8, 9, 10, 11, 12, 13, 14, 15, 16, 17, 18, 19], 'classifier__p': [1, 2, 3]}",student-alcohol-consumption/student-por.csv,Walc,knn,"['age', 'absences', 'G1', 'G2', 'G3']",0.32515337423312884,975737805,
"{'classifier__leaf_size': 10, 'classifier__n_jobs': -1, 'classifier__n_neighbors': 19, 'classifier__p': 3}",0.38477366255144035,"['sex', 'address', 'famsize', 'Pstatus', 'Medu', 'Fedu', 'Mjob', 'Fjob', 'guardian', 'traveltime', 'studytime', 'failures', 'schoolsup', 'famsup', 'paid', 'activities', 'nursery', 'higher', 'internet', 'romantic', 'famrel', 'freetime', 'goout', 'health']","{'classifier__leaf_size': [5, 10, 15, 20, 25, 30, 35, 40, 45], 'classifier__n_jobs': [-1], 'classifier__n_neighbors': [5, 6, 7, 8, 9, 10, 11, 12, 13, 14, 15, 16, 17, 18, 19], 'classifier__p': [2, 3]}",student-alcohol-consumption/student-por.csv,Walc,knn,"['age', 'absences', 'G3']",0.3496932515337423,842759323,
"{'classifier__leaf_size': 5, 'classifier__n_jobs': -1, 'classifier__n_neighbors': 6, 'classifier__p': 3}",0.7242798353909465,"['sex', 'address', 'famsize', 'Pstatus', 'Medu', 'Fedu', 'Mjob', 'Fjob', 'guardian', 'traveltime', 'studytime', 'failures', 'schoolsup', 'famsup', 'paid', 'activities', 'nursery', 'higher', 'internet', 'romantic', 'famrel', 'freetime', 'goout', 'health']","{'classifier__leaf_size': [5, 10, 15, 20, 25, 30, 35, 40, 45], 'classifier__n_jobs': [-1], 'classifier__n_neighbors': [4, 6, 8, 10, 12, 14, 16, 18], 'classifier__p': [2, 3]}",student-alcohol-consumption/student-por.csv,Dalc,knn,"['age', 'absences', 'G3']",0.6319018404907976,472640587,
"{'classifier__leaf_size': 5, 'classifier__n_jobs': -1, 'classifier__n_neighbors': 18, 'classifier__p': 3}",0.6851851851851852,"['sex', 'address', 'famsize', 'Pstatus', 'Medu', 'Fedu', 'Mjob', 'Fjob', 'guardian', 'traveltime', 'studytime', 'failures', 'schoolsup', 'famsup', 'paid', 'activities', 'nursery', 'higher', 'internet', 'romantic', 'famrel', 'freetime', 'goout', 'health']","{'classifier__leaf_size': [5, 10, 15, 20, 25, 30, 35, 40, 45], 'classifier__n_jobs': [-1], 'classifier__n_neighbors': [4, 6, 8, 10, 12, 14, 16, 18], 'classifier__p': [2, 3]}",student-alcohol-consumption/student-por.csv,Dalc,knn,"['age', 'absences', 'G1', 'G2', 'G3']",0.7116564417177914,644553836,
"{'classifier__leaf_size': 15, 'classifier__n_jobs': -1, 'classifier__n_neighbors': 18, 'classifier__p': 2}",0.6934156378600823,[],"{'classifier__leaf_size': [5, 10, 15, 20, 25, 30, 35, 40, 45], 'classifier__n_jobs': [-1], 'classifier__n_neighbors': [4, 6, 8, 10, 12, 14, 16, 18], 'classifier__p': [2, 3]}",student-alcohol-consumption/student-por.csv,Dalc,knn,"['G1', 'G2', 'G3']",0.6993865030674846,309332473,
"{'classifier__leaf_size': 5, 'classifier__n_jobs': -1, 'classifier__n_neighbors': 16, 'classifier__p': 3}",0.6959459459459459,"['sex', 'address', 'famsize', 'Pstatus', 'Medu', 'Fedu', 'Mjob', 'Fjob', 'guardian', 'traveltime', 'studytime', 'failures', 'schoolsup', 'famsup', 'paid', 'activities', 'nursery', 'higher', 'internet', 'romantic', 'famrel', 'freetime', 'goout', 'health']","{'classifier__leaf_size': [5, 10, 15, 20, 25, 30, 35, 40, 45], 'classifier__n_jobs': [-1], 'classifier__n_neighbors': [4, 6, 8, 10, 12, 14, 16, 18], 'classifier__p': [2, 3]}",student-alcohol-consumption/students.csv,Dalc,knn,"['age', 'absences', 'G1', 'G2', 'G3']",0.7424242424242424,859816456,
"{'classifier__leaf_size': 5, 'classifier__n_jobs': -1, 'classifier__n_neighbors': 6, 'classifier__p': 3}",0.706081081081081,"['sex', 'address', 'famsize', 'Pstatus', 'Medu', 'Fedu', 'Mjob', 'Fjob', 'guardian', 'traveltime', 'studytime', 'failures', 'schoolsup', 'famsup', 'paid', 'activities', 'nursery', 'higher', 'internet', 'romantic', 'famrel', 'freetime', 'goout', 'health']","{'classifier__leaf_size': [5, 10, 15, 20, 25, 30, 35, 40, 45], 'classifier__n_jobs': [-1], 'classifier__n_neighbors': [4, 6, 8, 10, 12, 14, 16, 18], 'classifier__p': [2, 3]}",student-alcohol-consumption/students.csv,Dalc,knn,"['age', 'absences', 'G1', 'G2', 'G3']",0.7070707070707071,902068343,
"{'classifier__leaf_size': 5, 'classifier__n_jobs': -1, 'classifier__n_neighbors': 6, 'classifier__p': 3}",0.46790540540540543,"['sex', 'address', 'famsize', 'Pstatus', 'Medu', 'Fedu', 'Mjob', 'Fjob', 'guardian', 'traveltime', 'studytime', 'failures', 'schoolsup', 'famsup', 'paid', 'activities', 'nursery', 'higher', 'internet', 'romantic', 'famrel', 'freetime', 'goout', 'health']","{'classifier__leaf_size': [5, 10, 15, 20, 25, 30, 35, 40, 45], 'classifier__n_jobs': [-1], 'classifier__n_neighbors': [4, 6, 8, 10, 12, 14, 16, 18], 'classifier__p': [2, 3]}",student-alcohol-consumption/students.csv,Walc,knn,"['age', 'absences', 'G1', 'G2', 'G3']",0.47474747474747475,10795770,
"{'classifier__leaf_size': 5, 'classifier__n_jobs': -1, 'classifier__n_neighbors': 4, 'classifier__p': 3}",,"['sex', 'address', 'famsize', 'Pstatus', 'Medu', 'Fedu', 'Mjob', 'Fjob', 'guardian', 'traveltime', 'studytime', 'failures', 'schoolsup', 'famsup', 'paid', 'activities', 'nursery', 'higher', 'internet', 'romantic', 'famrel', 'freetime', 'goout', 'health']","{'classifier__leaf_size': [5, 10, 15, 20, 25, 30, 35, 40, 45], 'classifier__n_jobs': [-1], 'classifier__n_neighbors': [4, 6, 8, 10, 12, 14, 16, 18], 'classifier__p': [2, 3]}",../student-alcohol-consumption/students.csv,Dalc,knn,"['age', 'absences', 'G1', 'G2', 'G3']",0.7222222222222222,752545257,0.706081081081081
"{'classifier__leaf_size': 5, 'classifier__n_jobs': -1, 'classifier__n_neighbors': 16, 'classifier__p': 2}",,"['sex', 'address', 'famsize', 'Pstatus', 'Medu', 'Fedu', 'Mjob', 'Fjob', 'guardian', 'traveltime', 'studytime', 'failures', 'schoolsup', 'famsup', 'paid', 'activities', 'nursery', 'higher', 'internet', 'romantic', 'famrel', 'freetime', 'goout', 'health']","{'classifier__leaf_size': [5, 10, 15, 20, 25, 30, 35, 40, 45], 'classifier__n_jobs': [-1], 'classifier__n_neighbors': [4, 6, 8, 10, 12, 14, 16, 18], 'classifier__p': [2, 3]}",../student-alcohol-consumption/students.csv,Dalc,knn,"['age', 'absences', 'G1', 'G2', 'G3']",0.702020202020202,568034422,0.7094594594594594
"{'classifier__leaf_size': 5, 'classifier__n_jobs': -1, 'classifier__n_neighbors': 18, 'classifier__p': 3}",,"['sex', 'address', 'famsize', 'Pstatus', 'Medu', 'Fedu', 'Mjob', 'Fjob', 'guardian', 'traveltime', 'studytime', 'failures', 'schoolsup', 'famsup', 'paid', 'activities', 'nursery', 'higher', 'internet', 'romantic', 'famrel', 'freetime', 'goout', 'health']","{'classifier__leaf_size': [5, 10, 15, 20, 25, 30, 35, 40, 45], 'classifier__n_jobs': [-1], 'classifier__n_neighbors': [4, 6, 8, 10, 12, 14, 16, 18], 'classifier__p': [2, 3]}",../student-alcohol-consumption/students.csv,Dalc,knn,"['age', 'absences', 'G1', 'G2', 'G3']",0.7424242424242424,219636881,0.6942567567567568
"{'classifier__C': 0.1, 'classifier__multi_class': 'auto', 'classifier__n_jobs': -1, 'classifier__solver': 'liblinear', 'classifier__tol': 0.0001, 'classifier__verbose': 2}",0.6625514403292181,"['school', 'sex', 'address', 'famsize', 'Pstatus', 'Medu', 'Fedu', 'Mjob', 'Fjob', 'reason', 'guardian', 'traveltime', 'studytime', 'failures', 'schoolsup', 'famsup', 'paid', 'activities', 'nursery', 'higher', 'internet', 'romantic', 'famrel', 'freetime', 'goout', 'health']","{'classifier__C': {'dtype': 'float64', 'py/object': 'numpy.ndarray', 'values': [0.1]}, 'classifier__multi_class': ['auto'], 'classifier__n_jobs': [-1], 'classifier__solver': ['lbfgs', 'liblinear'], 'classifier__tol': [0.0001, 0.01, 0.001, 1e-05], 'classifier__verbose': [2]}",student-alcohol-consumption/student-por.csv,Dalc,logistic_regression,"['age', 'absences', 'G1', 'G2', 'G3']",0.7423312883435583,636023196,
"{'classifier__C': 0.1, 'classifier__multi_class': 'auto', 'classifier__n_jobs': -1, 'classifier__solver': 'liblinear', 'classifier__tol': 0.0001, 'classifier__verbose': 2}",0.37448559670781895,"['school', 'sex', 'address', 'famsize', 'Pstatus', 'Medu', 'Fedu', 'Mjob', 'Fjob', 'reason', 'guardian', 'traveltime', 'studytime', 'failures', 'schoolsup', 'famsup', 'paid', 'activities', 'nursery', 'higher', 'internet', 'romantic', 'famrel', 'freetime', 'goout', 'health']","{'classifier__C': {'dtype': 'float64', 'py/object': 'numpy.ndarray', 'values': [0.1]}, 'classifier__multi_class': ['auto'], 'classifier__n_jobs': [-1], 'classifier__solver': ['lbfgs', 'liblinear'], 'classifier__tol': [0.0001, 0.01, 0.001, 1e-05], 'classifier__verbose': [2]}",student-alcohol-consumption/student-por.csv,Walc,logistic_regression,"['age', 'absences', 'G1', 'G2', 'G3']",0.34355828220858897,946516783,
"{'classifier__C': 0.1, 'classifier__multi_class': 'auto', 'classifier__n_jobs': -1, 'classifier__solver': 'liblinear', 'classifier__tol': 0.0001, 'classifier__verbose': 2}",0.411522633744856,"['sex', 'address', 'famsize', 'Pstatus', 'Medu', 'Fedu', 'Mjob', 'Fjob', 'guardian', 'traveltime', 'studytime', 'failures', 'schoolsup', 'famsup', 'paid', 'activities', 'nursery', 'higher', 'internet', 'romantic', 'famrel', 'freetime', 'goout', 'health']","{'classifier__C': {'dtype': 'float64', 'py/object': 'numpy.ndarray', 'values': [0.1]}, 'classifier__multi_class': ['auto'], 'classifier__n_jobs': [-1], 'classifier__solver': ['lbfgs', 'liblinear'], 'classifier__tol': [0.0001, 0.01, 0.001, 1e-05], 'classifier__verbose': [2]}",student-alcohol-consumption/student-por.csv,Walc,logistic_regression,"['age', 'absences', 'G3']",0.3803680981595092,348826972,
"{'classifier__C': 0.1, 'classifier__multi_class': 'auto', 'classifier__n_jobs': -1, 'classifier__solver': 'liblinear', 'classifier__tol': 0.0001, 'classifier__verbose': 2}",0.6975308641975309,"['sex', 'address', 'famsize', 'Pstatus', 'Medu', 'Fedu', 'Mjob', 'Fjob', 'guardian', 'traveltime', 'studytime', 'failures', 'schoolsup', 'famsup', 'paid', 'activities', 'nursery', 'higher', 'internet', 'romantic', 'famrel', 'freetime', 'goout', 'health']","{'classifier__C': {'dtype': 'float64', 'py/object': 'numpy.ndarray', 'values': [0.1]}, 'classifier__multi_class': ['auto'], 'classifier__n_jobs': [-1], 'classifier__solver': ['lbfgs', 'liblinear'], 'classifier__tol': [0.0001, 0.01, 0.001, 1e-05], 'classifier__verbose': [2]}",student-alcohol-consumption/student-por.csv,Dalc,logistic_regression,"['age', 'absences', 'G3']",0.7055214723926381,556890242,
"{'classifier__C': 0.1, 'classifier__multi_class': 'auto', 'classifier__n_jobs': -1, 'classifier__solver': 'liblinear', 'classifier__tol': 0.0001, 'classifier__verbose': 2}",0.668724279835391,"['sex', 'address', 'famsize', 'Pstatus', 'Medu', 'Fedu', 'Mjob', 'Fjob', 'guardian', 'traveltime', 'studytime', 'failures', 'schoolsup', 'famsup', 'paid', 'activities', 'nursery', 'higher', 'internet', 'romantic', 'famrel', 'freetime', 'goout', 'health']","{'classifier__C': {'dtype': 'float64', 'py/object': 'numpy.ndarray', 'values': [0.1]}, 'classifier__multi_class': ['auto'], 'classifier__n_jobs': [-1], 'classifier__solver': ['lbfgs', 'liblinear'], 'classifier__tol': [0.0001, 0.01, 0.001, 1e-05], 'classifier__verbose': [2]}",student-alcohol-consumption/student-por.csv,Dalc,logistic_regression,"['age', 'absences', 'G1', 'G2', 'G3']",0.7791411042944786,454677082,
"{'classifier__C': 0.1, 'classifier__multi_class': 'auto', 'classifier__n_jobs': -1, 'classifier__solver': 'liblinear', 'classifier__tol': 0.0001, 'classifier__verbose': 2}",0.6954732510288066,[],"{'classifier__C': {'dtype': 'float64', 'py/object': 'numpy.ndarray', 'values': [0.1]}, 'classifier__multi_class': ['auto'], 'classifier__n_jobs': [-1], 'classifier__solver': ['lbfgs', 'liblinear'], 'classifier__tol': [0.0001, 0.01, 0.001, 1e-05], 'classifier__verbose': [2]}",student-alcohol-consumption/student-por.csv,Dalc,logistic_regression,"['G1', 'G2', 'G3']",0.6932515337423313,260737857,
"{'classifier__C': 0.1, 'classifier__multi_class': 'auto', 'classifier__n_jobs': -1, 'classifier__solver': 'liblinear', 'classifier__tol': 0.0001, 'classifier__verbose': 2}",0.7128378378378378,"['sex', 'address', 'famsize', 'Pstatus', 'Medu', 'Fedu', 'Mjob', 'Fjob', 'guardian', 'traveltime', 'studytime', 'failures', 'schoolsup', 'famsup', 'paid', 'activities', 'nursery', 'higher', 'internet', 'romantic', 'famrel', 'freetime', 'goout', 'health']","{'classifier__C': {'dtype': 'float64', 'py/object': 'numpy.ndarray', 'values': [0.1]}, 'classifier__multi_class': ['auto'], 'classifier__n_jobs': [-1], 'classifier__solver': ['lbfgs', 'liblinear'], 'classifier__tol': [0.0001, 0.01, 0.001, 1e-05], 'classifier__verbose': [2]}",student-alcohol-consumption/students.csv,Dalc,logistic_regression,"['age', 'absences', 'G1', 'G2', 'G3']",0.6666666666666666,799100196,
"{'classifier__C': 0.1, 'classifier__multi_class': 'auto', 'classifier__n_jobs': -1, 'classifier__solver': 'lbfgs', 'classifier__tol': 0.0001, 'classifier__verbose': 2}",0.6993243243243243,"['sex', 'address', 'famsize', 'Pstatus', 'Medu', 'Fedu', 'Mjob', 'Fjob', 'guardian', 'traveltime', 'studytime', 'failures', 'schoolsup', 'famsup', 'paid', 'activities', 'nursery', 'higher', 'internet', 'romantic', 'famrel', 'freetime', 'goout', 'health']","{'classifier__C': {'dtype': 'float64', 'py/object': 'numpy.ndarray', 'values': [0.1]}, 'classifier__multi_class': ['auto'], 'classifier__n_jobs': [-1], 'classifier__solver': ['lbfgs', 'liblinear'], 'classifier__tol': [0.0001, 0.01, 0.001, 1e-05], 'classifier__verbose': [2]}",student-alcohol-consumption/students.csv,Dalc,logistic_regression,"['age', 'absences', 'G1', 'G2', 'G3']",0.7373737373737373,348306868,
"{'classifier__C': 0.1, 'classifier__multi_class': 'auto', 'classifier__n_jobs': -1, 'classifier__solver': 'lbfgs', 'classifier__tol': 0.0001, 'classifier__verbose': 2}",0.5304054054054054,"['sex', 'address', 'famsize', 'Pstatus', 'Medu', 'Fedu', 'Mjob', 'Fjob', 'guardian', 'traveltime', 'studytime', 'failures', 'schoolsup', 'famsup', 'paid', 'activities', 'nursery', 'higher', 'internet', 'romantic', 'famrel', 'freetime', 'goout', 'health']","{'classifier__C': {'dtype': 'float64', 'py/object': 'numpy.ndarray', 'values': [0.1]}, 'classifier__multi_class': ['auto'], 'classifier__n_jobs': [-1], 'classifier__solver': ['lbfgs', 'liblinear'], 'classifier__tol': [0.0001, 0.01, 0.001, 1e-05], 'classifier__verbose': [2]}",student-alcohol-consumption/students.csv,Walc,logistic_regression,"['age', 'absences', 'G1', 'G2', 'G3']",0.41919191919191917,600195394,
"{'classifier__C': 0.1, 'classifier__multi_class': 'auto', 'classifier__n_jobs': -1, 'classifier__solver': 'lbfgs', 'classifier__tol': 0.0001, 'classifier__verbose': 2}",,"['sex', 'address', 'famsize', 'Pstatus', 'Medu', 'Fedu', 'Mjob', 'Fjob', 'guardian', 'traveltime', 'studytime', 'failures', 'schoolsup', 'famsup', 'paid', 'activities', 'nursery', 'higher', 'internet', 'romantic', 'famrel', 'freetime', 'goout', 'health']","{'classifier__C': {'dtype': 'float64', 'py/object': 'numpy.ndarray', 'values': [0.1]}, 'classifier__multi_class': ['auto'], 'classifier__n_jobs': [-1], 'classifier__solver': ['lbfgs', 'liblinear'], 'classifier__tol': [0.0001, 0.01, 0.001, 1e-05], 'classifier__verbose': [2]}",../student-alcohol-consumption/students.csv,Dalc,logistic_regression,"['age', 'absences', 'G1', 'G2', 'G3']",0.7222222222222222,615020989,0.7111486486486487
"{'classifier__C': 0.1, 'classifier__multi_class': 'auto', 'classifier__n_jobs': -1, 'classifier__solver': 'lbfgs', 'classifier__tol': 0.0001, 'classifier__verbose': 2}",,"['sex', 'address', 'famsize', 'Pstatus', 'Medu', 'Fedu', 'Mjob', 'Fjob', 'guardian', 'traveltime', 'studytime', 'failures', 'schoolsup', 'famsup', 'paid', 'activities', 'nursery', 'higher', 'internet', 'romantic', 'famrel', 'freetime', 'goout', 'health']","{'classifier__C': {'dtype': 'float64', 'py/object': 'numpy.ndarray', 'values': [0.1]}, 'classifier__multi_class': ['auto'], 'classifier__n_jobs': [-1], 'classifier__solver': ['lbfgs', 'liblinear'], 'classifier__tol': [0.0001, 0.01, 0.001, 1e-05], 'classifier__verbose': [2]}",../student-alcohol-consumption/students.csv,Dalc,logistic_regression,"['age', 'absences', 'G1', 'G2', 'G3']",0.7424242424242424,296695053,0.7027027027027027
"{'classifier__n_estimators': 250, 'classifier__n_jobs': -1}",0.6790123456790124,"['school', 'sex', 'address', 'famsize', 'Pstatus', 'Medu', 'Fedu', 'Mjob', 'Fjob', 'reason', 'guardian', 'traveltime', 'studytime', 'failures', 'schoolsup', 'famsup', 'paid', 'activities', 'nursery', 'higher', 'internet', 'romantic', 'famrel', 'freetime', 'goout', 'health']","{'classifier__n_estimators': [50, 100, 150, 200, 250, 300, 350, 400, 450, 500, 550, 600, 650, 700, 750, 800, 850, 900, 950], 'classifier__n_jobs': [-1]}",student-alcohol-consumption/student-por.csv,Dalc,random_forest,"['age', 'absences', 'G1', 'G2', 'G3']",0.7607361963190185,673965657,
"{'classifier__n_estimators': 750, 'classifier__n_jobs': -1}",0.39711934156378603,"['school', 'sex', 'address', 'famsize', 'Pstatus', 'Medu', 'Fedu', 'Mjob', 'Fjob', 'reason', 'guardian', 'traveltime', 'studytime', 'failures', 'schoolsup', 'famsup', 'paid', 'activities', 'nursery', 'higher', 'internet', 'romantic', 'famrel', 'freetime', 'goout', 'health']","{'classifier__n_estimators': [50, 100, 150, 200, 250, 300, 350, 400, 450, 500, 550, 600, 650, 700, 750, 800, 850, 900, 950], 'classifier__n_jobs': [-1]}",student-alcohol-consumption/student-por.csv,Walc,random_forest,"['age', 'absences', 'G1', 'G2', 'G3']",0.39263803680981596,724549901,
"{'classifier__n_estimators': 150, 'classifier__n_jobs': -1}",0.3888888888888889,"['sex', 'address', 'famsize', 'Pstatus', 'Medu', 'Fedu', 'Mjob', 'Fjob', 'guardian', 'traveltime', 'studytime', 'failures', 'schoolsup', 'famsup', 'paid', 'activities', 'nursery', 'higher', 'internet', 'romantic', 'famrel', 'freetime', 'goout', 'health']","{'classifier__n_estimators': [50, 100, 150, 200, 250, 300, 350, 400, 450, 500, 550, 600, 650, 700, 750, 800, 850, 900, 950], 'classifier__n_jobs': [-1]}",student-alcohol-consumption/student-por.csv,Walc,random_forest,"['age', 'absences', 'G3']",0.4233128834355828,416022518,
"{'classifier__n_estimators': 50, 'classifier__n_jobs': -1}",0.7119341563786008,"['sex', 'address', 'famsize', 'Pstatus', 'Medu', 'Fedu', 'Mjob', 'Fjob', 'guardian', 'traveltime', 'studytime', 'failures', 'schoolsup', 'famsup', 'paid', 'activities', 'nursery', 'higher', 'internet', 'romantic', 'famrel', 'freetime', 'goout', 'health']","{'classifier__n_estimators': [50, 100, 150, 200, 250, 300, 350, 400, 450, 500, 550, 600, 650, 700, 750, 800, 850, 900, 950], 'classifier__n_jobs': [-1]}",student-alcohol-consumption/student-por.csv,Dalc,random_forest,"['age', 'absences', 'G3']",0.6687116564417178,715567478,
"{'classifier__n_estimators': 900, 'classifier__n_jobs': -1}",0.7037037037037037,"['sex', 'address', 'famsize', 'Pstatus', 'Medu', 'Fedu', 'Mjob', 'Fjob', 'guardian', 'traveltime', 'studytime', 'failures', 'schoolsup', 'famsup', 'paid', 'activities', 'nursery', 'higher', 'internet', 'romantic', 'famrel', 'freetime', 'goout', 'health']","{'classifier__n_estimators': [50, 100, 150, 200, 250, 300, 350, 400, 450, 500, 550, 600, 650, 700, 750, 800, 850, 900, 950], 'classifier__n_jobs': [-1]}",student-alcohol-consumption/student-por.csv,Dalc,random_forest,"['age', 'absences', 'G1', 'G2', 'G3']",0.6625766871165644,197377378,
"{'classifier__n_estimators': 700, 'classifier__n_jobs': -1}",0.6234567901234568,[],"{'classifier__n_estimators': [50, 100, 150, 200, 250, 300, 350, 400, 450, 500, 550, 600, 650, 700, 750, 800, 850, 900, 950], 'classifier__n_jobs': [-1]}",student-alcohol-consumption/student-por.csv,Dalc,random_forest,"['G1', 'G2', 'G3']",0.6993865030674846,48717357,
"{'classifier__n_estimators': 50, 'classifier__n_jobs': -1}",0.8834459459459459,"['sex', 'address', 'famsize', 'Pstatus', 'Medu', 'Fedu', 'Mjob', 'Fjob', 'guardian', 'traveltime', 'studytime', 'failures', 'schoolsup', 'famsup', 'paid', 'activities', 'nursery', 'higher', 'internet', 'romantic', 'famrel', 'freetime', 'goout', 'health']","{'classifier__n_estimators': [50, 100, 150, 200, 250, 300, 350, 400, 450, 500, 550, 600, 650, 700, 750, 800, 850, 900, 950], 'classifier__n_jobs': [-1]}",student-alcohol-consumption/students.csv,Dalc,random_forest,"['age', 'absences', 'G1', 'G2', 'G3']",0.9040404040404041,977079543,
"{'classifier__n_estimators': 300, 'classifier__n_jobs': -1}",0.9003378378378378,"['sex', 'address', 'famsize', 'Pstatus', 'Medu', 'Fedu', 'Mjob', 'Fjob', 'guardian', 'traveltime', 'studytime', 'failures', 'schoolsup', 'famsup', 'paid', 'activities', 'nursery', 'higher', 'internet', 'romantic', 'famrel', 'freetime', 'goout', 'health']","{'classifier__n_estimators': [50, 100, 150, 200, 250, 300, 350, 400, 450, 500, 550, 600, 650, 700, 750, 800, 850, 900, 950], 'classifier__n_jobs': [-1]}",student-alcohol-consumption/students.csv,Dalc,random_forest,"['age', 'absences', 'G1', 'G2', 'G3']",0.9191919191919192,829280668,
"{'classifier__n_estimators': 400, 'classifier__n_jobs': -1}",0.7719594594594594,"['sex', 'address', 'famsize', 'Pstatus', 'Medu', 'Fedu', 'Mjob', 'Fjob', 'guardian', 'traveltime', 'studytime', 'failures', 'schoolsup', 'famsup', 'paid', 'activities', 'nursery', 'higher', 'internet', 'romantic', 'famrel', 'freetime', 'goout', 'health']","{'classifier__n_estimators': [50, 100, 150, 200, 250, 300, 350, 400, 450, 500, 550, 600, 650, 700, 750, 800, 850, 900, 950], 'classifier__n_jobs': [-1]}",student-alcohol-consumption/students.csv,Walc,random_forest,"['age', 'absences', 'G1', 'G2', 'G3']",0.8383838383838383,942264322,
"{'classifier__n_estimators': 500, 'classifier__n_jobs': -1}",,"['sex', 'address', 'famsize', 'Pstatus', 'Medu', 'Fedu', 'Mjob', 'Fjob', 'guardian', 'traveltime', 'studytime', 'failures', 'schoolsup', 'famsup', 'paid', 'activities', 'nursery', 'higher', 'internet', 'romantic', 'famrel', 'freetime', 'goout', 'health']","{'classifier__n_estimators': [50, 100, 150, 200, 250, 300, 350, 400, 450, 500, 550, 600, 650, 700, 750, 800, 850, 900, 950], 'classifier__n_jobs': [-1]}",../student-alcohol-consumption/students.csv,Dalc,random_forest,"['age', 'absences', 'G1', 'G2', 'G3']",0.9191919191919192,510182590,0.8918918918918919
"{'classifier__C': 0.8, 'classifier__kernel': 'linear'}",,"['sex', 'address', 'famsize', 'Pstatus', 'Medu', 'Fedu', 'Mjob', 'Fjob', 'guardian', 'traveltime', 'studytime', 'failures', 'schoolsup', 'famsup', 'paid', 'activities', 'nursery', 'higher', 'internet', 'romantic', 'famrel', 'freetime', 'goout', 'health']","{'classifier__C': [0.1, 0.2, 0.30000000000000004, 0.4, 0.5, 0.6, 0.7000000000000001, 0.8, 0.9], 'classifier__kernel': ['linear', 'poly', 'rbf', 'sigmoid']}",../student-alcohol-consumption/students.csv,Dalc,svc,"['age', 'absences', 'G1', 'G2', 'G3']",0.7272727272727273,54949965,0.7567567567567568
